Date,Open,High,Low,Close,Volume,Dividend
2012-09-28,21.0,21.48,20.57,21.11,8597715,0
2012-10-01,21.46,21.5,21.06,21.3,1010788,0
2012-10-02,21.3,21.3,21.01,21.12,534325,0
2012-10-03,21.06,21.21,20.8,20.96,354929,0
2012-10-04,20.93,21.05,20.86,20.89,268690,0
2012-10-05,21.0,21.08,20.86,20.9,182649,0
2012-10-08,20.81,20.89,20.61,20.69,122679,0
2012-10-09,20.69,20.75,20.55,20.67,187321,0
2012-10-10,20.7,20.79,20.7,20.71,74395,0
2012-10-11,20.73,21.04,20.67,20.92,246587,0
2012-10-12,20.9,21.01,20.86,20.96,361370,0
2012-10-15,21.05,21.05,20.85,20.99,79800,0
2012-10-16,20.83,20.92,20.8,20.82,74872,0
2012-10-17,20.82,21.01,20.82,20.86,79080,0
2012-10-18,20.92,20.92,20.71,20.82,41963,0
2012-10-19,20.75,20.77,20.29,20.66,121921,0
2012-10-22,20.39,20.55,20.39,20.53,54175,0
2012-10-23,20.36,20.73,20.2,20.56,171567,0
2012-10-24,20.6,21.0,20.55,20.57,186234,0
2012-10-25,20.63,20.7,20.5,20.5,51783,0
2012-10-26,20.5,20.58,20.34,20.45,102016,0
2012-10-31,20.59,20.6,20.09,20.2,237504,0
2012-11-01,20.09,20.48,19.71,20.38,176566,0
2012-11-02,20.47,20.64,20.2,20.27,44685,0
2012-11-05,20.18,20.39,20.03,20.35,71011,0
2012-11-06,20.25,20.99,20.01,20.92,78429,0
2012-11-07,20.79,20.79,20.13,20.6,61642,0
2012-11-08,20.54,20.65,20.17,20.18,204437,0
2012-11-09,20.08,21.02,20.08,20.33,69760,0
2012-11-12,20.4,20.59,20.17,20.21,88081,0
2012-11-13,20.26,20.26,19.6,19.8,116806,0
2012-11-14,19.75,20.04,19.08,19.17,611334,0
2012-11-15,19.11,19.4,18.56,18.65,100884,0
2012-11-16,18.76,19.47,18.71,18.96,118582,0
2012-11-19,19.02,19.46,18.93,18.97,107214,0
2012-11-20,19.04,19.44,18.85,18.91,102013,0
2012-11-21,18.95,19.0,18.26,18.75,100509,0
2012-11-23,18.79,19.05,18.67,19.0,12507,0
2012-11-26,19.2,19.32,18.96,19.12,20598,0
2012-11-27,19.22,19.83,19.0,19.55,73241,0
2012-11-28,19.62,19.84,19.3,19.53,71471,0
2012-11-29,19.53,19.85,19.4,19.67,27095,0
2012-11-30,19.57,19.88,19.54,19.76,27208,0
2012-12-03,19.73,20.0,19.67,19.93,38508,0
2012-12-04,19.95,19.95,19.54,19.63,11059,0
2012-12-05,19.9,19.93,19.41,19.6,28730,0
2012-12-06,19.5,19.94,19.5,19.82,29522,0
2012-12-07,20.4,20.4,19.55,19.81,60342,0
2012-12-10,19.7,19.85,19.29,19.4,25710,0
2012-12-11,19.32,19.62,19.25,19.48,32221,0
2012-12-12,19.46,19.5,19.11,19.19,61280,0
2012-12-13,19.22,19.72,18.81,19.29,144956,0
2012-12-14,19.25,19.44,19.18,19.26,90030,0
2012-12-17,19.65,19.65,19.26,19.47,8511,0
2012-12-18,19.54,20.13,19.37,19.82,47334,0
2012-12-19,19.52,20.47,19.36,19.74,55920,0
2012-12-20,19.42,19.99,19.42,19.79,50137,0
2012-12-21,19.57,20.04,19.25,19.36,113740,0
2012-12-24,19.28,19.57,19.28,19.34,3438,0
2012-12-26,19.31,19.31,19.04,19.14,32293,0
2012-12-27,19.06,19.69,18.82,19.38,39555,0
2012-12-28,19.25,19.49,19.05,19.25,68227,0
2012-12-31,19.14,19.85,19.1,19.83,98436,0
2013-01-02,20.03,20.41,19.83,20.18,96007,0
2013-01-03,20.12,20.28,19.9,20.05,14601,0
2013-01-04,20.05,20.25,19.94,20.05,13970,0
2013-01-07,20.06,20.21,19.86,20.0,25047,0
2013-01-08,19.83,20.16,19.83,19.89,187704,0
2013-01-09,19.76,19.98,18.67,19.62,182307,0
2013-01-10,19.86,20.1,19.71,19.89,102918,0
2013-01-11,19.82,19.96,19.66,19.75,207947,0
2013-01-14,19.72,19.87,19.52,19.67,14700,0
2013-01-15,19.6,19.96,19.6,19.63,91033,0
2013-01-16,19.67,19.98,19.42,19.66,58958,0
2013-01-17,19.64,19.83,19.54,19.68,137062,0
2013-01-18,19.6,19.94,19.56,19.65,186901,0
2013-01-22,19.69,20.42,19.69,20.02,247442,0
2013-01-23,19.99,20.21,19.87,20.11,90272,0
2013-01-24,20.22,21.21,20.22,20.79,90216,0
2013-01-25,20.94,21.38,20.89,21.33,120638,0
2013-01-28,21.33,22.47,21.33,21.96,122382,0
2013-01-29,21.96,22.14,21.78,21.88,61783,0
2013-01-30,21.93,22.54,21.75,21.95,132957,0
2013-01-31,22.15,22.34,21.5,21.87,142773,0
2013-02-01,22.0,22.1,21.85,21.87,110543,0
2013-02-04,21.85,21.9,21.39,21.86,94759,0
2013-02-05,21.48,21.58,20.92,21.23,38390,0
2013-02-06,21.2,21.48,21.1,21.35,55718,0
2013-02-07,21.31,21.68,21.16,21.5,87238,0
2013-02-08,21.44,21.98,21.27,21.75,21820,0
2013-02-11,21.75,22.73,21.75,22.64,167306,0
2013-02-12,22.74,22.83,22.5,22.71,57861,0
2013-02-13,22.75,22.99,22.48,22.74,25025,0
2013-02-14,22.58,23.0,22.58,22.93,50983,0
2013-02-15,22.98,23.0,22.3,22.35,45533,0
2013-02-19,22.31,22.66,22.1,22.4,142226,0
2013-02-20,22.32,22.65,22.01,22.2,103039,0
2013-02-21,22.2,22.2,21.76,21.82,72490,0
2013-02-22,21.97,22.03,21.55,21.67,42649,0
2013-02-25,21.93,22.03,21.37,21.5,42883,0
2013-02-26,21.5,21.94,21.5,21.66,57525,0
2013-02-27,21.79,22.25,21.69,22.03,198409,0
2013-02-28,22.15,22.69,22.15,22.52,40499,0
2013-03-01,22.98,23.1,22.3,22.93,72009,0
2013-03-04,22.97,23.08,22.58,22.96,68334,0
2013-03-05,22.95,23.91,22.94,23.2,66214,0
2013-03-06,23.2,24.31,23.2,24.0,23614,0
2013-03-07,24.0,24.24,23.57,24.16,23825,0
2013-03-08,24.1,25.26,23.9,24.74,121623,0
2013-03-11,24.61,25.7,24.61,24.9,59136,0
2013-03-12,24.8,26.16,24.15,26.16,125797,0
2013-03-13,26.15,26.54,25.53,25.73,96759,0
2013-03-14,26.0,26.38,23.61,25.58,306637,0
2013-03-15,25.68,26.73,25.42,25.99,122341,0
2013-03-18,25.7,26.61,25.29,26.2,54540,0
2013-03-19,26.23,26.6,26.06,26.39,52232,0
2013-03-20,26.59,26.59,25.68,26.37,26556,0
2013-03-21,26.26,27.7,26.26,26.91,142403,0
2013-03-22,26.82,28.5,26.68,27.2,114508,0
2013-03-25,27.1,27.56,26.85,27.12,83995,0
2013-03-26,27.3,28.08,26.44,27.74,84599,0
2013-03-27,27.45,27.94,27.37,27.74,61951,0
2013-03-28,27.56,27.84,27.51,27.73,52694,0
2013-04-01,27.54,28.08,27.52,27.79,73891,0
2013-04-02,27.79,27.99,27.5,27.68,24114,0
2013-04-03,27.67,27.75,26.04,26.69,120796,0
2013-04-04,26.61,27.08,26.1,26.72,105754,0
2013-04-05,26.45,26.77,26.22,26.6,23990,0
2013-04-08,26.64,27.42,26.63,26.97,21239,0
2013-04-09,27.2,28.1,27.03,27.88,43185,0
2013-04-10,28.05,28.4,27.51,27.91,55770,0
2013-04-11,28.0,28.23,27.64,27.92,22374,0
2013-04-12,27.92,28.45,27.63,28.01,37300,0
2013-04-15,27.86,28.33,27.22,27.37,193459,0
2013-04-16,27.83,28.32,27.5,27.6,45202,0
2013-04-17,27.6,28.24,27.4,27.64,27678,0
2013-04-18,27.68,28.01,26.71,27.11,15460,0
2013-04-19,27.3,27.84,26.75,26.92,21936,0
2013-04-22,27.4,27.83,26.55,27.34,42033,0
2013-04-23,27.2,27.86,26.8,27.27,98723,0
2013-04-24,27.33,27.46,27.0,27.0,16989,0
2013-04-25,26.95,27.41,26.85,27.13,75600,0
2013-04-26,27.2,27.57,27.1,27.52,18103,0
2013-04-29,27.03,27.58,27.01,27.45,45635,0
2013-04-30,27.36,27.68,27.32,27.5,16933,0
2013-05-01,27.47,27.63,27.26,27.27,45077,0
2013-05-02,27.52,27.87,27.28,27.58,17835,0
2013-05-03,27.51,27.68,27.27,27.46,67035,0
2013-05-06,27.24,27.64,26.96,27.58,116447,0
2013-05-07,27.62,27.64,27.25,27.36,9695,0
2013-05-08,27.15,28.01,27.1,27.75,70524,0
2013-05-09,27.49,27.95,27.49,27.95,25174,0
2013-05-10,27.53,28.5,27.47,28.38,20235,0
2013-05-13,28.4,28.5,28.03,28.3,34421,0
2013-05-14,28.4,29.51,28.2,28.9,83980,0
2013-05-15,28.98,29.32,28.39,28.75,41908,0
2013-05-16,28.65,29.65,28.59,29.14,35970,0
2013-05-17,29.19,31.17,29.19,30.82,238153,0
2013-05-20,30.82,31.78,30.58,30.68,40368,0
2013-05-21,30.92,31.24,29.79,30.81,60237,0
2013-05-22,31.11,31.15,30.11,30.81,98688,0
2013-05-23,30.32,31.94,30.21,30.93,40617,0
2013-05-24,31.17,32.55,30.94,32.09,56630,0
2013-05-28,32.39,33.09,31.19,31.88,91411,0
2013-05-29,31.88,32.45,31.26,31.41,98062,0
2013-05-30,31.27,31.74,30.79,31.17,153023,0
2013-05-31,31.0,31.25,30.19,31.17,69612,0
2013-06-03,31.17,31.38,30.74,30.98,49056,0
2013-06-04,31.01,31.25,30.55,30.85,28850,0
2013-06-05,31.31,32.49,30.91,31.81,90336,0
2013-06-06,32.05,33.03,31.84,32.33,71928,0
2013-06-07,32.34,33.09,32.0,32.55,60322,0
2013-06-10,32.85,32.93,32.39,32.53,30661,0
2013-06-11,32.38,33.45,32.2,32.95,41478,0
2013-06-12,33.51,34.49,33.16,33.82,110933,0
2013-06-13,33.98,34.31,33.36,33.94,42832,0
2013-06-14,34.3,34.59,33.85,33.88,76810,0
2013-06-17,34.27,34.69,33.0,33.95,81541,0
2013-06-18,34.08,34.08,33.35,33.76,52938,0
2013-06-19,33.53,33.88,33.02,33.62,18476,0
2013-06-20,33.8,33.8,33.11,33.42,98271,0
2013-06-21,33.45,34.42,33.1,34.42,40606,0
2013-06-24,34.38,34.38,33.03,33.15,101988,0
2013-06-25,33.19,33.42,32.52,32.88,196539,0
2013-06-26,33.47,35.4,33.38,34.22,136233,0
2013-06-27,34.5,34.66,34.31,34.49,86728,0
2013-06-28,34.49,34.5,33.76,34.15,275086,0
2013-07-01,34.3,35.0,34.1,34.78,74444,0
2013-07-02,35.13,35.13,34.27,34.51,75699,0
2013-07-03,34.41,34.79,33.59,34.3,47678,0
2013-07-05,34.3,34.55,34.18,34.49,35027,0
2013-07-08,34.62,34.96,34.3,34.83,110941,0
2013-07-09,35.06,35.11,34.31,34.46,44318,0
2013-07-10,34.49,34.83,34.15,34.24,29656,0
2013-07-11,34.58,34.78,33.4,34.38,108070,0
2013-07-12,34.69,34.84,33.58,34.0,105486,0
2013-07-15,33.76,34.97,33.75,34.75,60371,0
2013-07-16,34.37,34.88,34.03,34.32,47834,0
2013-07-17,34.7,34.8,33.54,33.75,34112,0
2013-07-18,33.75,34.62,33.62,33.77,29042,0
2013-07-19,33.53,34.02,33.51,33.71,24834,0
2013-07-22,34.01,34.17,33.6,33.82,19664,0
2013-07-23,33.72,34.1,33.56,33.84,66652,0
2013-07-24,33.88,34.47,33.5,33.91,34288,0
2013-07-25,34.04,34.04,33.11,33.5,60940,0
2013-07-26,33.52,34.4,33.52,34.35,74239,0
2013-07-29,34.46,34.77,34.0,34.33,42763,0
2013-07-30,34.59,34.74,33.55,33.99,27977,0
2013-07-31,34.5,35.4,34.02,34.16,59338,0
2013-08-01,35.2,35.34,34.36,34.88,28668,0
2013-08-02,35.35,35.35,34.3,34.49,51601,0
2013-08-05,33.92,34.28,33.72,34.05,35301,0
2013-08-06,33.85,34.52,33.85,34.2,17702,0
2013-08-07,34.0,34.33,33.98,34.2,84955,0
2013-08-08,34.5,34.83,34.02,34.27,24289,0
2013-08-09,33.96,34.59,33.85,34.24,37848,0
2013-08-12,34.24,34.4,33.77,34.39,27759,0
2013-08-13,34.15,34.95,33.71,33.95,9939,0
2013-08-14,33.66,34.46,33.66,34.39,15709,0
2013-08-15,34.77,34.78,33.6,33.61,15699,0
2013-08-16,33.56,34.12,32.57,32.66,62757,0
2013-08-19,32.73,33.31,32.6,33.05,28667,0
2013-08-20,33.05,33.44,32.56,32.67,49256,0
2013-08-21,32.79,33.08,32.5,32.6,31261,0
2013-08-22,32.66,33.45,32.14,32.72,65903,0
2013-08-23,32.62,32.81,32.19,32.19,104485,0
2013-08-26,32.4,33.12,32.27,33.12,13739,0
2013-08-27,32.6,34.13,32.6,34.08,18561,0
2013-08-28,34.62,35.01,32.7,32.99,69742,0
2013-08-29,32.86,34.17,32.27,32.99,49263,0
2013-08-30,33.24,33.9,32.97,32.98,72730,0
2013-09-03,33.3,33.85,32.24,32.94,48081,0
2013-09-04,32.78,33.07,32.21,32.55,8125,0
2013-09-05,32.51,33.12,31.62,31.96,105729,0
2013-09-06,32.25,33.54,32.19,32.3,28538,0
2013-09-09,32.06,32.2,31.62,32.2,49262,0
2013-09-10,32.08,32.57,32.0,32.19,14089,0
2013-09-11,32.22,33.11,32.0,32.45,9892,0
2013-09-12,32.82,32.93,32.1,32.38,9067,0
2013-09-13,32.23,32.91,32.23,32.67,24339,0
2013-09-16,32.75,33.22,32.61,33.02,86688,0
2013-09-17,33.19,33.25,32.77,32.9,8478,0
2013-09-18,33.47,33.77,32.5,32.77,47178,0
2013-09-19,32.75,32.89,32.13,32.81,4922,0
2013-09-20,33.09,33.43,32.63,33.15,43020,0
2013-09-23,32.7,34.2,32.39,33.47,29795,0
2013-09-24,33.5,33.98,33.34,33.5,33782,0
2013-09-25,33.31,34.6,33.31,34.46,30331,0
2013-09-26,34.59,34.87,34.0,34.49,20915,0
2013-09-27,34.27,34.84,33.64,34.6,14185,0
2013-09-30,34.45,34.65,33.41,33.95,26470,0
2013-10-01,34.15,34.97,33.79,33.99,71211,0
2013-10-02,34.38,34.51,33.71,34.15,24120,0
2013-10-03,34.17,34.4,33.75,34.0,15860,0
2013-10-04,33.6,35.22,33.6,33.99,49351,0
2013-10-07,34.17,34.89,33.4,33.49,30603,0
2013-10-08,33.32,33.89,33.1,33.1,15832,0
2013-10-09,33.06,33.84,32.95,32.95,40348,0
2013-10-10,34.17,34.17,32.75,32.79,61289,0
2013-10-11,32.75,34.26,32.75,33.0,43206,0
2013-10-14,32.97,33.75,31.9,32.85,118849,0
2013-10-15,32.8,33.75,32.53,32.53,23878,0
2013-10-16,32.54,33.98,32.54,33.18,253532,0
2013-10-17,33.29,35.02,33.06,33.78,36982,0
2013-10-18,34.17,34.42,32.5,33.41,55768,0
2013-10-21,33.12,34.04,33.07,33.36,21986,0
2013-10-22,33.67,34.68,33.14,33.99,30890,0
2013-10-23,33.81,34.39,33.6,33.75,12161,0
2013-10-24,33.73,34.03,33.61,33.9,12886,0
2013-10-25,36.73,36.73,33.22,33.42,28900,0
2013-10-28,33.27,33.55,32.33,32.45,42124,0
2013-10-29,32.66,33.39,32.28,33.38,66725,0
2013-10-30,33.49,34.05,33.03,33.31,32330,0
2013-10-31,33.17,33.5,33.17,33.25,20018,0
2013-11-01,33.22,34.18,33.22,33.65,42500,0
2013-11-04,33.86,34.49,33.26,33.75,24976,0
2013-11-05,33.44,34.23,33.34,33.42,56744,0
2013-11-06,33.32,33.63,33.06,33.3,16295,0
2013-11-07,33.89,33.94,32.94,32.95,23743,0
2013-11-08,32.87,33.21,32.62,32.79,102841,0
2013-11-11,32.7,33.21,32.62,32.63,21133,0
2013-11-12,32.82,33.15,31.82,32.4,65328,0
2013-11-13,32.37,32.76,31.91,32.21,33714,0
2013-11-14,32.1,33.65,32.01,32.5,15907,0
2013-11-15,33.13,34.03,32.69,33.33,46706,0
2013-11-18,33.44,33.99,32.16,32.46,101162,0
2013-11-19,32.15,33.21,32.15,32.38,48085,0
2013-11-20,32.55,33.64,32.08,32.08,71100,0
2013-11-21,32.9,33.36,32.6,32.83,65222,0
2013-11-22,32.51,33.07,32.2,32.7,43968,0
2013-11-25,32.9,32.9,32.3,32.59,19903,0
2013-11-26,32.47,33.36,32.47,32.95,36975,0
2013-11-27,32.84,33.5,32.72,33.18,35265,0
2013-11-29,33.46,33.62,32.96,33.58,16709,0
2013-12-02,33.58,34.21,33.34,33.68,53630,0
2013-12-03,33.7,33.95,33.56,33.79,36094,0
2013-12-04,33.38,33.84,33.3,33.79,20345,0
2013-12-05,33.32,33.87,33.29,33.75,16082,0
2013-12-06,33.71,35.57,33.6,33.8,52051,0
2013-12-09,33.76,34.0,33.38,34.0,18791,0
2013-12-10,33.93,34.5,33.82,34.19,15712,0
2013-12-11,34.3,34.7,33.75,33.82,12327,0
2013-12-12,33.94,34.4,33.8,34.0,16958,0
2013-12-13,34.0,34.25,33.88,34.0,17465,0
2013-12-16,34.02,34.25,33.92,34.0,25664,0
2013-12-17,34.2,34.28,33.88,34.2,19764,0
2013-12-18,34.0,35.11,33.58,34.99,151114,0
2013-12-19,34.99,35.32,34.02,34.3,26649,0
2013-12-20,34.59,35.27,34.59,34.91,27838,0
2013-12-23,35.1,35.42,34.52,35.03,20817,0
2013-12-24,35.0,36.99,34.94,35.88,42722,0
2013-12-26,35.84,37.0,35.84,36.28,28605,0
2013-12-27,36.5,37.6,36.3,37.05,24531,0
2013-12-30,37.02,37.53,36.23,37.1,30044,0
2013-12-31,37.01,38.2,36.5,36.65,27898,0
2014-01-02,36.64,36.73,35.59,35.8,88632,0
2014-01-03,35.91,36.5,35.28,35.8,42339,0
2014-01-06,35.66,36.23,35.41,36.21,47114,0
2014-01-07,36.08,36.61,35.52,35.95,33958,0
2014-01-08,36.05,36.05,35.4,35.8,15762,0
2014-01-09,35.59,35.98,34.72,35.98,13359,0
2014-01-10,35.95,36.3,35.4,35.73,27830,0
2014-01-13,35.73,36.07,35.32,35.6,11045,0
2014-01-14,35.5,36.65,35.32,36.55,21190,0
2014-01-15,36.24,38.36,36.24,36.66,69031,0
2014-01-16,36.8,37.45,36.66,37.01,29498,0
2014-01-17,37.13,37.69,36.8,37.23,79230,0
2014-01-21,37.44,38.1,37.07,37.9,70109,0
2014-01-22,38.06,39.69,37.93,38.45,51308,0
2014-01-23,38.43,38.9,38.04,38.89,17905,0
2014-01-24,38.89,38.99,37.5,38.19,12824,0
2014-01-27,38.0,38.5,37.37,38.1,24833,0
2014-01-28,38.45,38.45,37.26,37.99,13319,0
2014-01-29,38.14,38.55,37.81,38.16,27066,0
2014-01-30,38.18,39.45,37.8,39.15,78358,0
2014-01-31,38.57,38.95,38.01,38.01,13990,0
2014-02-03,38.38,38.74,37.31,37.95,45821,0
2014-02-04,37.85,38.17,37.31,37.8,28058,0
2014-02-05,37.66,37.94,37.2,37.35,15637,0
2014-02-06,37.68,37.8,37.19,37.3,15060,0
2014-02-07,37.16,38.02,37.16,37.58,26209,0
2014-02-10,37.52,38.7,37.34,38.7,16593,0
2014-02-11,38.47,38.69,38.25,38.62,68334,0
2014-02-12,37.86,40.0,37.86,38.86,47573,0
2014-02-13,39.0,39.86,38.7,39.73,47439,0
2014-02-14,39.65,39.87,38.94,39.28,17554,0
2014-02-18,39.65,39.65,38.91,39.37,19065,0
2014-02-19,39.42,39.87,38.57,38.89,31441,0
2014-02-20,39.07,40.66,39.07,39.98,52583,0
2014-02-21,39.99,39.99,38.87,39.32,64296,0
2014-02-24,39.4,40.52,39.4,40.28,22976,0
2014-02-25,40.27,41.0,39.41,39.77,33432,0
2014-02-26,39.64,40.13,39.13,39.6,65770,0
2014-02-27,39.74,40.7,39.74,40.15,26553,0
2014-02-28,40.04,40.89,40.04,40.58,19000,0
2014-03-03,40.41,41.95,40.27,41.71,15709,0
2014-03-04,41.8,42.44,41.25,41.45,42886,0
2014-03-05,40.62,41.98,40.62,41.74,19328,0
2014-03-06,41.63,41.63,40.51,40.89,37724,0
2014-03-07,40.82,41.3,40.12,40.12,43932,0
2014-03-10,40.24,40.47,39.8,40.0,15181,0
2014-03-11,38.4,39.37,38.1,38.75,545253,0
2014-03-12,39.27,43.02,39.27,41.86,5978410,0
2014-03-13,41.3,41.75,40.0,41.39,450731,0
2014-03-14,41.03,42.44,40.86,42.3,244076,0
2014-03-17,42.26,42.26,41.08,41.41,154861,0
2014-03-18,41.3,41.89,40.94,41.82,117019,0
2014-03-19,41.73,42.31,41.1,41.56,120594,0
2014-03-20,41.16,42.0,40.93,41.73,71402,0
2014-03-21,41.75,42.59,41.14,42.54,149719,0
2014-03-24,42.5,42.61,41.34,42.09,70832,0
2014-03-25,41.95,42.14,41.05,41.93,43120,0
2014-03-26,41.78,42.1,41.44,42.03,73394,0
2014-03-27,41.79,41.97,41.43,41.76,115724,0
2014-03-28,41.84,42.5,41.76,42.13,112685,0
2014-03-31,42.39,43.98,41.82,42.85,115004,0
2014-04-01,43.0,43.51,42.78,42.99,34303,0
2014-04-02,43.29,43.58,42.78,42.94,44949,0
2014-04-03,43.11,43.41,42.25,43.02,50929,0
2014-04-04,43.03,43.11,42.11,42.78,77867,0
2014-04-07,42.81,43.08,41.75,41.82,59812,0
2014-04-08,41.78,42.0,41.55,41.73,28632,0
2014-04-09,41.66,41.82,41.18,41.81,38792,0
2014-04-10,41.68,42.11,41.44,41.55,26527,0
2014-04-11,41.43,42.21,40.6,41.3,59116,0
2014-04-14,41.4,41.76,41.05,41.41,25103,0
2014-04-15,40.55,41.81,40.53,41.58,40028,0
2014-04-16,41.69,42.09,41.4,42.03,16933,0
2014-04-17,41.9,42.8,41.65,42.73,48795,0
2014-04-21,42.91,42.97,42.0,42.29,52787,0
2014-04-22,43.15,43.49,42.4,42.94,76192,0
2014-04-23,43.09,44.4,43.09,44.32,101856,0
2014-04-24,44.29,45.37,43.83,44.9,91070,0
2014-04-25,46.1,46.1,44.27,44.48,53030,0
2014-04-28,44.7,45.36,44.5,45.08,68174,0
2014-04-29,44.87,45.32,44.63,44.63,25264,0
2014-04-30,44.77,45.44,44.35,45.2,25043,0
2014-05-01,44.96,45.19,44.63,45.09,24593,0
2014-05-02,45.0,45.0,44.5,44.74,21357,0
2014-05-05,44.51,45.39,44.28,45.2,57526,0
2014-05-06,44.9,44.92,44.37,44.67,23017,0
2014-05-07,44.38,45.71,44.38,45.48,30181,0
2014-05-08,45.25,45.45,43.58,44.01,34640,0
2014-05-09,43.86,44.6,43.72,44.54,27757,0
2014-05-12,44.84,45.39,44.01,45.39,54800,0
2014-05-13,45.15,45.54,44.7,44.96,21386,0
2014-05-14,45.08,47.24,44.55,44.92,146070,0
2014-05-15,44.75,44.75,44.0,44.42,28609,0
2014-05-16,44.67,45.1,44.01,44.8,62587,0
2014-05-19,45.01,45.95,44.95,45.19,69982,0
2014-05-20,45.44,45.76,45.2,45.23,29716,0
2014-05-21,45.15,45.89,44.6,45.05,36217,0
2014-05-22,45.16,45.45,44.34,44.91,54316,0
2014-05-23,45.13,45.55,44.91,45.31,20961,0
2014-05-27,45.61,45.82,44.51,45.15,47138,0
2014-05-28,45.26,45.78,44.64,44.89,53351,0
2014-05-29,45.15,45.74,44.54,45.21,56781,0
2014-05-30,45.16,45.56,44.62,45.01,49063,0
2014-06-02,45.0,45.2,44.36,44.62,40711,0
2014-06-03,44.34,44.99,44.18,44.5,38778,0
2014-06-04,45.0,45.37,44.6,45.1,29693,0
2014-06-05,44.99,45.72,44.92,45.43,23303,0
2014-06-06,44.99,45.76,44.52,45.73,46422,0
2014-06-09,45.85,46.44,45.78,46.18,35423,0
2014-06-10,46.18,48.0,46.0,47.5,67148,0
2014-06-11,47.29,47.4,46.29,46.78,59642,0
2014-06-12,46.62,47.16,46.27,47.12,76397,0
2014-06-13,47.11,47.11,46.54,47.07,27536,0
2014-06-16,46.9,48.0,46.71,47.34,63029,0
2014-06-17,47.55,48.51,47.45,48.3,52242,0
2014-06-18,48.88,49.16,47.74,48.25,87341,0
2014-06-19,48.5,49.2,48.09,48.91,35580,0
2014-06-20,49.1,49.99,48.6,49.12,64051,0
2014-06-23,49.52,50.0,49.05,49.22,152478,0
2014-06-24,49.41,51.09,49.19,50.64,71488,0
2014-06-25,50.21,50.76,49.66,50.3,47406,0
2014-06-26,50.52,51.25,49.77,50.85,31921,0
2014-06-27,50.96,51.21,50.18,50.91,30480,0
2014-06-30,50.91,50.91,50.46,50.85,27971,0
2014-07-01,50.65,51.97,50.6,51.5,67962,0
2014-07-02,51.0,51.28,50.46,50.82,43161,0
2014-07-03,51.08,51.33,50.62,50.89,14902,0
2014-07-07,51.0,51.75,50.77,51.75,29102,0
2014-07-08,51.4,52.23,51.21,51.57,29681,0
2014-07-09,51.8,51.99,51.09,51.21,30647,0
2014-07-10,50.58,51.28,49.24,51.28,54652,0
2014-07-11,51.43,52.48,51.01,51.34,30525,0
2014-07-14,51.37,53.13,50.75,51.67,47359,0
2014-07-15,51.93,52.82,51.36,51.64,55804,0
2014-07-16,51.99,52.36,51.53,51.85,53665,0
2014-07-17,51.99,53.02,51.66,52.61,54106,0
2014-07-18,52.39,52.95,51.99,52.5,54536,0
2014-07-21,52.36,53.35,51.74,52.72,72416,0
2014-07-22,52.76,53.17,51.83,51.92,51659,0
2014-07-23,51.76,52.71,51.62,51.85,66221,0
2014-07-24,52.1,52.32,51.7,51.86,12258,0
2014-07-25,51.58,51.75,50.52,50.6,56551,0
2014-07-28,50.37,51.11,49.08,50.45,70482,0
2014-07-29,50.55,50.91,49.78,49.93,19237,0
2014-07-30,50.33,50.33,47.74,49.1,73565,0
2014-07-31,48.96,49.71,48.46,49.07,43025,0
2014-08-01,49.1,49.1,47.52,48.0,42255,0
2014-08-04,48.0,49.98,47.72,49.65,32129,0
2014-08-05,49.25,50.42,48.19,48.42,53210,0
2014-08-06,48.07,48.77,47.9,48.26,48000,0
2014-08-07,48.21,49.15,48.0,48.02,49542,0
2014-08-08,48.7,49.02,48.4,48.65,35998,0
2014-08-11,48.69,49.53,48.02,49.21,44641,0
2014-08-12,49.42,49.81,48.71,48.85,22864,0
2014-08-13,48.89,50.54,48.67,49.8,23464,0
2014-08-14,50.0,52.24,49.47,51.28,36366,0
2014-08-15,51.49,51.72,50.26,50.61,15649,0
2014-08-18,51.04,52.42,50.29,50.35,36902,0
2014-08-19,50.67,51.68,50.4,51.59,39875,0
2014-08-20,51.71,52.19,51.1,52.08,34028,0
2014-08-21,52.25,55.5,52.15,54.06,92862,0
2014-08-22,54.21,54.84,53.58,54.14,42424,0
2014-08-25,54.07,54.76,52.41,52.91,41010,0
2014-08-26,52.93,53.25,51.87,52.15,40015,0
2014-08-27,52.33,52.9,52.0,52.5,15062,0
2014-08-28,52.62,54.45,52.02,53.85,59056,0
2014-08-29,54.21,55.5,53.99,55.28,75093,0
2014-09-02,55.49,55.49,54.35,54.98,77915,0
2014-09-03,54.76,56.49,54.57,56.12,82307,0
2014-09-04,53.1,53.46,52.49,52.95,3595991,0
2014-09-05,53.05,53.15,52.35,53.03,513242,0
2014-09-08,53.01,53.06,52.22,52.56,181953,0
2014-09-09,52.43,52.79,52.22,52.66,312448,0
2014-09-10,52.78,53.2,52.27,53.15,404910,0
2014-09-11,53.1,53.25,52.87,53.14,383772,0
2014-09-12,53.1,53.31,50.83,51.15,422500,0
2014-09-15,51.04,51.04,49.3,50.55,248497,0
2014-09-16,50.2,50.7,49.64,50.37,93474,0
2014-09-17,50.21,50.74,49.82,50.45,76687,0
2014-09-18,50.17,50.89,49.79,50.74,91906,0
2014-09-19,50.7,50.8,50.14,50.3,69636,0
2014-09-22,50.19,50.56,47.76,49.05,265266,0
2014-09-23,48.59,49.16,47.87,48.1,227893,0
2014-09-24,47.81,47.9,46.86,47.39,184418,0
2014-09-25,47.55,48.8,46.5,48.8,309002,0
2014-09-26,49.02,49.69,48.99,49.14,108244,0
2014-09-29,48.68,50.0,48.0,49.75,67655,0
2014-09-30,49.72,50.86,49.01,50.86,145877,0
2014-10-01,50.99,51.44,49.97,50.19,109031,0
2014-10-02,50.16,50.46,49.08,49.5,111915,0
2014-10-03,49.57,50.0,48.77,49.33,68774,0
2014-10-06,49.35,49.35,48.1,48.21,53556,0
2014-10-07,47.85,49.43,47.5,48.68,79146,0
2014-10-08,48.64,49.0,46.19,48.58,98528,0
2014-10-09,48.28,49.22,46.68,47.51,102310,0
2014-10-10,47.36,48.12,43.68,45.33,201500,0
2014-10-13,45.18,45.49,41.27,41.52,150257,0
2014-10-14,41.17,41.67,38.15,40.76,308255,0
2014-10-15,40.39,42.21,38.95,42.14,125896,0
2014-10-16,40.5,44.38,40.5,44.17,109966,0
2014-10-17,44.25,47.0,44.25,47.0,328843,0
2014-10-20,46.03,48.02,45.66,47.8,270865,0
2014-10-21,47.7,48.76,47.56,48.6,323127,0
2014-10-22,49.05,49.78,47.51,48.01,101670,0
2014-10-23,48.71,49.13,48.14,48.37,82443,0
2014-10-24,48.0,48.3,46.74,47.06,86782,0
2014-10-27,46.8,46.98,45.7,46.19,95448,0
2014-10-28,46.02,47.36,45.81,47.36,103051,0
2014-10-29,47.64,48.17,47.01,48.17,91402,0
2014-10-30,46.08,46.15,45.18,46.11,185151,0
2014-10-31,47.3,48.2,46.42,46.99,63097,0
2014-11-03,47.0,47.97,46.62,47.57,51630,0
2014-11-04,47.09,47.09,44.93,45.26,151089,0
2014-11-05,44.57,45.99,43.82,45.26,88299,0
2014-11-06,45.09,46.25,44.73,46.25,88987,0
2014-11-07,45.3,46.79,44.56,45.22,62355,0
2014-11-10,45.79,46.99,45.79,46.19,62734,0
2014-11-11,46.44,46.92,45.6,46.02,84035,0
2014-11-12,46.08,46.15,45.18,46.11,185151,0
2014-11-13,45.76,46.49,45.02,45.11,67299,0
2014-11-14,44.82,46.48,44.08,46.38,63468,0
2014-11-17,46.24,46.59,45.25,46.46,149956,0
2014-11-18,46.18,48.3,46.18,48.2,93226,0
2014-11-19,48.06,48.41,46.0,46.97,86398,0
2014-11-20,46.58,47.19,45.71,46.47,79147,0
2014-11-21,46.61,47.29,45.64,46.29,192725,0
2014-11-24,46.12,47.04,45.65,46.54,87797,0
2014-11-25,46.25,47.49,46.16,46.64,109602,0
2014-11-26,46.88,48.1,46.16,48.1,95650,0
2014-11-28,47.43,48.23,44.83,45.4,67921,0
2014-12-01,44.81,45.08,40.35,41.75,177573,0
2014-12-02,41.3,44.4,39.48,41.99,256395,0
2014-12-03,41.8,43.48,41.8,42.82,118787,0
2014-12-04,42.79,43.14,42.14,43.14,135442,0
2014-12-05,43.71,43.71,41.5,41.7,119133,0
2014-12-08,41.2,41.2,37.0,39.23,224929,0
2014-12-09,38.38,38.76,37.4,38.43,235056,0
2014-12-10,37.57,37.74,33.7,35.43,447843,0
2014-12-11,35.08,37.3,34.02,34.3,162849,0
2014-12-12,33.92,33.92,32.3,33.21,473344,0
2014-12-15,34.23,34.72,32.84,33.84,169105,0
2014-12-16,33.54,36.26,32.6,36.05,167258,0
2014-12-17,36.0,39.83,36.0,38.78,254670,0
2014-12-18,39.63,40.01,38.59,40.01,164292,0
2014-12-19,39.57,40.98,38.76,40.78,205575,0
2014-12-22,40.32,40.99,38.11,38.51,180149,0
2014-12-23,38.5,38.5,36.78,37.61,153067,0
2014-12-24,37.23,39.46,36.44,37.55,94961,0
2014-12-26,37.46,37.88,36.87,37.18,73881,0
2014-12-29,37.06,37.4,35.21,36.84,244050,0
2014-12-30,36.09,37.35,35.58,36.99,176554,0
2014-12-31,36.59,39.0,36.24,38.0,231740,0
2015-01-02,38.12,39.14,37.58,39.08,111324,0
2015-01-05,38.7,38.7,36.0,36.41,161833,0
2015-01-06,36.6,37.44,34.63,34.67,105039,0
2015-01-07,34.85,35.66,33.45,34.0,125430,0
2015-01-08,34.42,35.0,33.03,34.91,282725,0
2015-01-09,34.66,35.23,33.77,35.18,97222,0
2015-01-12,35.0,38.45,33.25,37.18,394167,0
2015-01-13,38.05,38.05,35.56,35.7,224014,0
2015-01-14,35.22,35.83,34.22,34.41,378749,0
2015-01-15,34.64,36.09,33.53,33.68,144486,0
2015-01-16,34.12,35.15,33.6,34.24,265303,0
2015-01-20,34.17,35.22,33.16,34.08,230616,0
2015-01-21,34.11,35.92,33.1,34.03,274675,0
2015-01-22,34.0,35.0,32.88,33.99,238449,0
2015-01-23,33.98,35.9,33.98,35.77,336279,0
2015-01-26,36.16,36.92,35.65,36.67,127601,0
2015-01-27,35.28,38.33,35.27,38.1,87236,0
2015-01-28,38.4,38.83,37.0,37.34,183689,0
2015-01-29,37.37,37.71,35.72,37.0,92985,0
2015-01-30,36.64,38.11,35.88,37.95,84821,0
2015-02-02,37.22,39.76,36.76,39.74,114124,0
2015-02-03,39.65,41.17,38.62,39.87,172759,0
2015-02-04,38.99,39.67,38.57,39.08,72675,0
2015-02-05,39.15,39.66,38.47,38.84,105113,0
2015-02-06,39.11,39.11,38.07,38.78,51019,0
2015-02-09,38.87,39.41,37.26,37.57,34201,0
2015-02-10,37.38,37.38,35.95,36.7,40928,0
2015-02-11,36.27,37.04,36.27,36.47,85628,0
2015-02-12,36.67,37.08,36.07,36.51,70208,0
2015-02-13,36.55,38.2,36.11,37.81,140138,0
2015-02-17,37.91,40.07,37.5,39.65,122795,0
2015-02-18,39.36,40.5,38.78,40.25,237432,0
2015-02-19,39.58,39.58,37.32,38.69,77562,0
2015-02-20,38.79,39.11,37.7,39.1,60260,0
2015-02-23,38.66,39.31,38.53,39.18,90253,0
2015-02-24,39.2,39.44,37.08,37.31,90162,0
2015-02-25,37.06,37.42,36.44,37.26,128727,0
2015-02-26,37.3,37.49,35.71,37.05,144502,0
2015-02-27,36.5,37.05,35.35,36.07,198863,0
2015-03-02,35.94,36.11,33.58,33.62,195146,0
2015-03-03,33.75,34.92,33.26,34.45,229328,0
2015-03-04,34.22,34.92,33.21,34.52,178729,0
2015-03-05,34.15,35.51,34.15,34.86,134923,0
2015-03-06,34.46,34.47,33.53,33.88,164190,0
2015-03-09,33.85,33.88,32.49,32.67,168450,0
2015-03-10,32.1,33.45,31.87,33.16,250143,0
2015-03-11,33.13,33.7,32.7,33.54,131193,0
2015-03-12,33.5,34.52,33.33,34.21,95626,0
2015-03-13,33.82,34.71,32.66,33.94,356261,0
2015-03-16,33.71,34.22,31.15,31.48,301639,0
2015-03-17,31.15,31.73,30.53,31.38,475511,0
2015-03-18,31.18,31.92,30.31,31.54,296496,0
2015-03-19,31.31,31.97,31.12,31.14,191624,0
2015-03-20,31.52,32.11,31.09,31.51,871532,0
2015-03-23,31.5,33.92,31.36,33.23,105921,0
2015-03-24,33.32,33.37,32.41,32.86,199537,0
2015-03-25,32.77,33.1,32.24,32.69,77866,0
2015-03-26,32.85,33.12,31.85,32.35,62008,0
2015-03-27,32.35,32.48,31.16,31.41,117351,0
2015-03-30,31.67,32.21,31.18,32.15,72621,0
2015-03-31,31.69,32.22,30.59,32.17,258638,0
2015-04-01,31.93,32.65,31.26,32.01,126666,0
2015-04-02,32.0,33.64,31.32,32.59,323074,0
2015-04-06,32.83,33.16,32.5,33.04,126451,0
2015-04-07,33.05,33.4,32.79,32.87,87807,0
2015-04-08,32.97,33.31,31.82,32.08,98579,0
2015-04-09,32.06,32.48,31.79,32.27,144772,0
2015-04-10,32.28,33.5,32.0,33.44,93028,0
2015-04-13,33.48,34.34,33.07,34.26,78885,0
2015-04-14,34.24,36.04,33.84,35.2,227744,0
2015-04-15,35.26,36.82,34.66,35.33,150620,0
2015-04-16,35.48,35.58,34.23,34.8,107000,0
2015-04-17,34.8,35.57,34.13,34.67,58445,0
2015-04-20,34.58,35.11,33.75,34.09,195552,0
2015-04-21,34.59,34.59,33.38,33.67,204776,0
2015-04-22,33.68,34.3,33.45,33.45,176703,0
2015-04-23,33.56,34.28,33.4,33.95,179726,0
2015-04-24,33.92,34.7,33.54,34.41,258597,0
2015-04-27,34.52,35.45,34.52,34.57,218056,0
2015-04-28,34.63,35.52,34.27,35.29,70680,0
2015-04-29,35.38,36.78,34.81,36.45,95490,0
2015-04-30,36.29,36.67,35.45,35.45,181981,0
2015-05-01,35.63,35.67,33.77,34.18,143439,0
2015-05-04,34.17,34.57,32.63,33.32,358332,0
2015-05-05,33.64,34.09,33.47,33.62,99251,0
2015-05-06,33.5,33.63,31.9,32.58,82438,0
2015-05-07,31.75,32.24,30.7,30.75,1093619,0
2015-05-08,30.35,30.75,30.27,30.72,5735827,0
2015-05-11,30.66,30.79,30.5,30.56,810433,0
2015-05-12,30.35,30.7,30.29,30.4,429875,0
2015-05-13,30.5,30.75,30.4,30.54,270210,0
2015-05-14,30.59,30.94,30.3,30.7,309964,0
2015-05-15,30.42,31.18,30.42,31.18,346391,0
2015-05-18,31.1,31.64,30.93,31.6,397031,0
2015-05-19,31.6,31.96,31.31,31.96,480687,0
2015-05-20,31.87,32.08,31.7,32.06,323633,0
2015-05-21,32.0,32.58,32.0,32.5,346527,0
2015-05-22,32.33,32.81,32.29,32.51,281436,0
2015-05-26,32.33,32.86,32.3,32.77,826360,0
2015-05-27,32.7,32.99,32.7,32.89,127959,0
2015-05-28,32.71,33.1,32.56,33.0,190043,0
2015-05-29,33.05,33.65,33.01,33.63,347466,0
2015-06-01,33.66,34.26,33.15,34.23,292213,0
2015-06-02,34.19,34.6,33.86,34.49,224750,0
2015-06-03,34.5,34.5,32.94,33.18,181680,0
2015-06-04,33.0,33.15,31.8,32.45,205867,0
2015-06-05,32.34,32.67,31.52,31.63,203182,0
2015-06-08,31.64,31.84,30.49,30.89,312132,0
2015-06-09,30.95,31.48,30.05,31.05,392896,0
2015-06-10,30.93,32.05,30.89,31.18,159662,0
2015-06-11,31.15,31.48,30.45,31.18,169591,0
2015-06-12,31.49,33.53,31.2,33.5,456847,0
2015-06-15,33.35,34.47,32.4,32.95,397624,0
2015-06-16,32.94,34.44,32.87,33.91,288408,0
2015-06-17,33.88,34.32,32.7,33.63,274265,0
2015-06-18,33.7,34.0,33.46,33.46,171808,0
2015-06-19,33.62,33.62,31.78,32.19,832676,0
2015-06-22,32.31,33.03,32.08,32.8,133996,0
2015-06-23,32.82,34.1,32.8,33.99,286128,0
2015-06-24,33.88,34.89,33.68,34.25,508454,0
2015-06-25,34.26,34.47,34.09,34.2,177432,0
2015-06-26,34.9,35.2,34.0,35.0,168508,0
2015-06-29,34.79,35.0,33.71,33.93,676026,0
2015-06-30,34.05,34.05,32.15,33.04,306728,0
2015-07-01,33.14,33.26,32.29,32.5,135184,0
2015-07-02,32.63,33.74,32.48,33.37,107280,0
2015-07-06,33.29,33.31,31.48,31.79,153035,0
2015-07-07,31.4,32.33,30.88,32.24,209765,0
2015-07-08,32.03,32.16,30.39,31.81,196303,0
2015-07-09,32.32,33.16,31.71,32.13,99498,0
2015-07-10,32.56,32.86,31.7,32.08,328090,0
2015-07-13,32.17,32.99,31.74,31.99,213477,0
2015-07-14,32.01,32.41,31.54,32.02,130037,0
2015-07-15,31.93,31.93,30.75,31.52,158374,0
2015-07-16,31.58,31.99,30.46,31.92,217592,0
2015-07-17,31.66,31.72,30.6,31.4,233555,0
2015-07-20,31.27,31.43,30.48,31.27,120532,0
2015-07-21,31.32,32.07,30.65,30.9,104650,0
2015-07-22,30.78,30.78,29.54,29.75,157691,0
2015-07-23,29.73,30.02,28.51,29.03,342880,0
2015-07-24,29.02,29.25,28.41,28.48,129362,0
2015-07-27,28.35,28.94,28.0,28.35,177541,0
2015-07-28,28.4,29.79,28.4,29.64,143347,0
2015-07-29,29.43,31.36,28.86,30.71,129954,0
2015-07-30,30.72,31.31,29.73,30.0,99918,0
2015-07-31,30.15,30.63,29.95,29.96,129275,0
2015-08-03,29.94,30.0,28.05,29.26,175653,0
2015-08-04,29.46,29.49,28.4,28.58,166724,0
2015-08-05,27.83,29.39,26.39,27.09,241283,0
2015-08-06,27.1,27.1,24.71,25.9,276538,0
2015-08-07,25.88,25.88,23.22,24.21,467723,0
2015-08-10,24.01,24.67,23.48,24.42,524884,0
2015-08-11,24.28,24.35,23.63,24.04,121778,0
2015-08-12,24.2,24.97,23.83,24.23,204478,0
2015-08-13,24.15,24.46,23.63,23.96,193797,0
2015-08-14,24.19,25.11,23.81,25.03,98152,0
2015-08-17,24.41,25.54,23.54,25.02,190206,0
2015-08-18,25.01,25.28,24.32,24.53,60659,0
2015-08-19,24.52,25.04,23.4,23.43,337445,0
2015-08-20,23.25,23.9,21.86,22.22,295691,0
2015-08-21,22.35,22.85,21.98,22.06,483125,0
2015-08-24,20.85,22.81,20.66,22.26,326926,0
2015-08-25,22.8,23.05,21.96,22.52,222375,0
2015-08-26,22.53,22.53,20.29,21.01,489209,0
2015-08-27,21.38,22.02,20.32,21.86,538048,0
2015-08-28,21.89,22.71,21.88,22.37,429437,0
2015-08-31,22.37,22.68,21.74,22.04,247775,0
2015-09-01,21.62,22.13,21.51,21.98,270906,0
2015-09-02,22.1,22.38,21.89,22.24,238028,0
2015-09-03,22.16,23.09,22.16,22.65,117700,0
2015-09-04,22.44,24.24,22.04,23.02,188124,0
2015-09-08,23.01,24.0,23.0,23.16,128052,0
2015-09-09,23.24,23.63,23.04,23.25,217996,0
2015-09-10,23.4,23.96,22.55,22.56,294462,0
2015-09-11,22.26,22.63,22.05,22.26,232976,0
2015-09-14,22.1,22.59,21.79,22.3,112909,0
2015-09-15,22.24,22.87,22.18,22.25,118679,0
2015-09-16,22.43,22.76,22.17,22.52,208002,0
2015-09-17,22.44,23.12,22.22,22.95,156347,0
2015-09-18,22.82,23.22,21.03,22.25,418940,0
2015-09-21,22.32,22.46,21.57,21.57,289631,0
2015-09-22,21.5,22.12,21.37,21.41,240062,0
2015-09-23,21.55,23.04,17.47,17.52,914278,0
2015-09-24,17.55,17.78,15.13,15.34,1304368,0
2015-09-25,15.6,17.16,15.37,16.76,615195,0
2015-09-28,16.5,16.62,15.75,15.96,212456,0
2015-09-29,15.96,16.1,14.7,14.84,336315,0
2015-09-30,15.0,17.66,14.6,17.63,533867,0
2015-10-01,17.64,17.93,16.81,17.38,364112,0
2015-10-02,17.18,18.16,16.72,17.3,188679,0
2015-10-05,17.78,18.13,17.15,17.86,224148,0
2015-10-06,17.82,19.26,17.8,18.29,348707,0
2015-10-07,18.45,19.84,18.18,19.01,255175,0
2015-10-08,19.01,20.34,18.83,19.5,240515,0
2015-10-09,19.61,20.66,19.61,20.5,279827,0
2015-10-12,20.55,20.55,19.63,19.9,200889,0
2015-10-13,19.75,20.68,19.3,19.87,253664,0
2015-10-14,19.91,20.39,19.3,20.03,149617,0
2015-10-15,20.02,20.63,19.68,20.25,137802,0
2015-10-16,20.35,20.79,19.62,20.5,136137,0
2015-10-19,20.45,20.5,19.69,20.21,108070,0
2015-10-20,20.3,20.77,19.9,20.0,218845,0
2015-10-21,19.95,20.75,19.42,20.0,293135,0
2015-10-22,20.07,20.13,19.11,19.42,172352,0
2015-10-23,19.5,19.82,19.19,19.5,200345,0
2015-10-26,19.37,19.45,18.27,18.53,166665,0
2015-10-27,18.35,18.68,17.8,18.22,197442,0
2015-10-28,18.33,19.3,18.16,18.37,164124,0
2015-10-29,18.36,19.48,18.36,19.15,117398,0
2015-10-30,19.13,19.42,18.58,18.71,196475,0
2015-11-02,18.89,19.91,18.82,19.39,204613,0
2015-11-03,19.4,21.18,19.4,20.84,634359,0
2015-11-04,20.52,20.65,18.1,19.08,313129,0
2015-11-05,18.98,19.45,18.38,18.96,249680,0
2015-11-06,18.73,19.21,18.34,18.7,63293,0
2015-11-09,19.23,19.95,18.19,18.54,254159,0
2015-11-10,18.59,18.75,17.52,18.04,636027,0
2015-11-11,17.98,18.57,17.5,18.39,405107,0
2015-11-12,18.22,18.6,17.84,17.99,331553,0
2015-11-13,17.99,18.4,17.58,18.1,202505,0
2015-11-16,18.13,19.46,17.97,18.98,325547,0
2015-11-17,18.99,19.21,18.67,18.94,123993,0
2015-11-18,18.93,19.3,18.67,19.0,268713,0
2015-11-19,18.81,19.2,18.58,18.6,192635,0
2015-11-20,18.33,19.09,18.33,18.68,313663,0
2015-11-23,18.73,19.21,18.33,18.46,209523,0
2015-11-24,18.52,18.89,17.63,17.7,214417,0
2015-11-25,17.67,18.24,16.95,17.76,274230,0
2015-11-27,17.72,18.63,17.28,18.35,83297,0
2015-11-30,18.38,19.22,18.01,18.61,236473,0
2015-12-01,18.56,19.06,17.86,17.9,178651,0
2015-12-02,17.73,18.33,15.95,16.24,362084,0
2015-12-03,16.07,16.55,15.17,16.53,257905,0
2015-12-04,16.43,17.08,14.95,16.48,612123,0
2015-12-07,16.35,16.35,13.08,13.29,474519,0
2015-12-08,13.07,13.88,12.82,13.51,508292,0
2015-12-09,13.5,15.46,13.45,14.66,273238,0
2015-12-10,14.57,15.25,13.42,13.64,223107,0
2015-12-11,13.86,16.77,13.79,16.28,646905,0
2015-12-14,15.93,16.56,15.7,15.87,431474,0
2015-12-15,16.07,17.13,15.0,15.8,613823,0
2015-12-16,15.74,16.68,15.49,15.85,362594,0
2015-12-17,15.91,16.3,15.58,15.59,273853,0
2015-12-18,15.7,16.43,15.25,15.25,438523,0
2015-12-21,15.37,16.01,15.03,15.58,749964,0
2015-12-22,15.84,18.12,15.71,17.52,1174157,0
2015-12-23,18.17,19.13,17.64,18.1,627630,0
2015-12-24,18.02,18.73,17.61,18.35,334394,0
2015-12-28,18.26,18.41,17.64,17.78,192813,0
2015-12-29,17.79,17.97,16.72,17.52,274620,0
2015-12-30,17.45,19.13,16.84,18.5,432837,0
2015-12-31,18.15,19.28,17.92,18.73,305623,0
2016-01-04,18.3,19.31,18.3,19.28,225479,0
2016-01-05,19.11,19.65,18.48,19.28,204432,0
2016-01-06,18.78,19.37,17.99,18.04,426073,0
2016-01-07,17.86,17.92,17.1,17.77,453493,0
2016-01-08,17.84,18.35,17.69,17.99,247607,0
2016-01-11,17.84,18.51,16.94,17.09,484096,0
2016-01-12,17.37,17.68,16.53,17.08,225286,0
2016-01-13,17.25,17.52,16.5,16.51,350261,0
2016-01-14,16.8,17.2,16.55,17.06,794267,0
2016-01-15,16.39,16.66,16.05,16.64,199234,0
2016-01-19,16.59,16.59,14.91,15.17,436054,0
2016-01-20,14.69,14.97,14.14,14.63,494255,0
2016-01-21,14.75,15.33,14.1,14.25,595920,0
2016-01-22,15.11,16.89,15.11,16.65,499826,0
2016-01-25,16.74,18.31,16.0,16.3,355115,0
2016-01-26,16.54,17.5,15.97,17.28,379453,0
2016-01-27,17.28,18.11,17.28,17.77,436609,0
2016-01-28,18.42,19.38,18.1,18.75,251371,0
2016-01-29,18.85,19.53,18.75,18.82,255630,0
2016-02-01,18.7,18.7,17.7,18.03,383627,0
2016-02-02,17.79,18.63,17.44,18.5,228160,0
2016-02-03,17.97,18.43,16.3,16.55,403119,0
2016-02-04,16.73,17.68,16.73,17.2,220170,0
2016-02-05,17.15,17.25,16.5,16.66,291375,0
2016-02-08,16.21,16.22,14.77,15.33,331389,0
2016-02-09,15.26,15.26,14.16,14.54,513676,0
2016-02-10,14.73,14.96,14.15,14.5,414665,0
2016-02-11,14.09,14.5,13.57,13.92,289072,0
2016-02-12,13.94,15.3,13.92,15.05,188161,0
2016-02-16,15.51,16.69,15.51,15.91,445160,0
2016-02-17,16.14,16.43,15.66,15.73,447571,0
2016-02-18,16.06,16.21,15.28,15.86,229130,0
2016-02-19,15.79,15.79,15.16,15.53,387225,0
2016-02-22,15.8,16.86,15.61,16.65,391197,0
2016-02-23,16.52,16.62,15.84,16.34,344674,0
2016-02-24,15.8,16.24,15.23,15.98,701967,0
2016-02-25,16.05,16.18,12.05,12.37,2369165,0
2016-02-26,14.02,14.9,11.9,12.61,3083837,0
2016-02-29,12.93,13.53,12.56,12.62,1030025,0
2016-03-01,12.7,14.09,11.06,13.92,1874590,0
2016-03-02,13.43,14.25,13.05,14.11,1562958,0
2016-03-03,14.15,14.25,13.6,13.99,885535,0
2016-03-04,13.94,15.0,13.92,14.94,670503,0
2016-03-07,14.94,15.57,14.8,15.27,873224,0
2016-03-08,15.17,15.34,14.65,14.94,801569,0
2016-03-09,15.15,15.24,14.63,15.09,632005,0
2016-03-10,14.36,15.09,14.0,14.88,477583,0
2016-03-11,14.69,15.32,14.55,14.9,893050,0
2016-03-14,14.8,15.02,14.55,14.82,285264,0
2016-03-15,14.66,15.03,14.32,14.96,458419,0
2016-03-16,15.2,15.27,14.86,15.1,517109,0
2016-03-17,15.25,16.21,15.15,15.99,337872,0
2016-03-18,16.03,16.85,16.0,16.38,423773,0
2016-03-21,16.47,16.56,15.72,16.0,432391,0
2016-03-22,15.86,16.77,15.76,16.62,444506,0
2016-03-23,16.38,16.43,15.32,15.32,401784,0
2016-03-24,15.11,15.85,14.74,15.6,332711,0
2016-03-28,15.61,15.64,15.0,15.42,268030,0
2016-03-29,15.21,15.75,14.98,15.69,184527,0
2016-03-30,15.98,16.7,15.98,16.4,458441,0
2016-03-31,16.33,17.02,16.33,16.98,276145,0
2016-04-01,16.65,16.7,15.73,16.4,470831,0
2016-04-04,16.34,16.39,15.5,15.73,279955,0
2016-04-05,15.67,16.07,15.05,15.99,551611,0
2016-04-06,16.23,16.74,16.03,16.73,328811,0
2016-04-07,16.59,16.95,15.86,16.56,255013,0
2016-04-08,16.98,17.6,16.81,17.6,240689,0
2016-04-11,17.57,17.85,17.27,17.46,178829,0
2016-04-12,17.51,18.52,17.39,18.48,185743,0
2016-04-13,18.39,18.75,18.1,18.45,167584,0
2016-04-14,18.61,18.63,18.18,18.49,170268,0
2016-04-15,18.15,18.71,17.76,17.85,176748,0
2016-04-18,17.2,18.72,17.19,18.59,91985,0
2016-04-19,18.78,19.64,18.6,19.45,352664,0
2016-04-20,19.35,19.82,19.02,19.64,222219,0
2016-04-21,19.7,20.24,19.41,20.24,206955,0
2016-04-22,20.48,20.89,19.66,20.11,255090,0
2016-04-25,20.04,20.11,19.62,20.02,133652,0
2016-04-26,20.27,20.32,19.82,20.11,169472,0
2016-04-27,20.3,20.75,20.13,20.25,228332,0
2016-04-28,20.26,20.4,19.51,20.19,183125,0
2016-04-29,20.21,21.29,20.08,21.17,224407,0
2016-05-02,21.17,21.4,20.77,21.4,209288,0
2016-05-03,21.07,21.23,20.65,20.65,409570,0
2016-05-04,20.11,20.68,19.91,20.31,193664,0
2016-05-05,20.74,20.75,20.1,20.1,361477,0
2016-05-06,19.68,21.06,18.65,20.92,320371,0
2016-05-09,20.77,21.02,20.25,20.86,223619,0
2016-05-10,21.18,21.98,20.91,21.97,480523,0
2016-05-11,21.88,22.64,21.52,22.05,265090,0
2016-05-12,22.42,22.48,21.64,21.88,200041,0
2016-05-13,21.8,22.6,21.14,21.55,259884,0
2016-05-16,22.0,22.45,21.53,22.02,184311,0
2016-05-17,21.9,22.8,21.65,22.49,221610,0
2016-05-18,22.42,23.01,21.81,21.93,164931,0
2016-05-19,21.81,23.0,21.54,22.35,178324,0
2016-05-20,22.47,23.03,22.0,22.5,137477,0
2016-05-23,22.24,23.0,22.07,22.52,232130,0
2016-05-24,22.45,23.15,22.0,22.8,284986,0
2016-05-25,22.99,23.55,22.01,22.06,349314,0
2016-05-26,22.14,22.36,20.63,20.81,410202,0
2016-05-27,20.61,21.51,20.5,20.8,328698,0
2016-05-31,20.96,21.6,20.8,20.94,441192,0
2016-06-01,20.76,21.31,20.6,21.11,295219,0
2016-06-02,20.92,21.63,20.79,21.1,1067350,0
2016-06-03,21.26,21.4,20.61,21.1,191776,0
2016-06-06,21.3,23.23,21.19,22.43,321100,0
2016-06-07,22.53,23.31,22.31,22.88,150404,0
2016-06-08,22.97,23.33,22.51,22.99,141066,0
2016-06-09,22.66,22.9,21.61,22.03,201831,0
2016-06-10,21.57,22.21,21.39,21.53,130111,0
2016-06-13,21.27,21.71,20.84,21.35,139639,0
2016-06-14,21.2,21.65,20.82,21.12,181220,0
2016-06-15,21.07,21.82,20.59,21.43,209272,0
2016-06-16,21.31,21.63,20.72,21.42,140431,0
2016-06-17,21.67,22.21,21.33,21.6,313764,0
2016-06-20,21.97,22.39,21.41,21.79,161752,0
2016-06-21,21.9,23.27,21.49,23.13,201068,0
2016-06-22,23.07,23.08,22.34,22.72,288296,0
2016-06-23,22.84,23.63,22.69,23.44,171721,0
2016-06-24,22.01,23.85,22.01,22.83,210585,0
2016-06-27,22.63,22.9,20.91,21.49,310421,0
2016-06-28,22.04,23.29,22.04,22.56,244007,0
2016-06-29,22.9,23.34,22.37,22.88,153214,0
2016-06-30,22.76,23.44,22.1,22.85,177339,0
2016-07-01,22.65,23.47,22.65,23.13,90654,0
2016-07-05,22.63,22.75,21.61,22.19,107724,0
2016-07-06,21.96,22.43,21.9,22.36,131485,0
2016-07-07,22.67,23.13,22.1,22.42,99957,0
2016-07-08,22.64,23.13,21.92,22.29,123815,0
2016-07-11,22.52,22.58,21.99,21.99,32868,0
2016-07-12,22.47,24.64,22.47,24.28,337680,0
2016-07-13,24.29,24.45,23.08,23.18,96989,0
2016-07-14,23.77,24.01,22.76,22.86,124093,0
2016-07-15,23.0,23.05,22.5,22.71,47930,0
2016-07-18,22.48,22.86,22.44,22.59,172757,0
2016-07-19,22.63,22.81,22.01,22.8,90485,0
2016-07-20,22.71,22.97,22.22,22.28,96149,0
2016-07-21,22.35,23.25,21.99,22.09,125306,0
2016-07-22,22.42,23.46,22.15,22.7,241988,0
2016-07-25,22.53,22.73,22.06,22.48,185425,0
2016-07-26,22.47,22.98,22.07,22.41,140491,0
2016-07-27,22.5,22.89,22.1,22.24,158160,0
2016-07-28,22.22,22.62,22.03,22.25,119457,0
2016-07-29,22.2,22.99,22.11,22.68,89515,0
2016-08-01,22.61,22.74,21.59,21.83,150338,0
2016-08-02,21.9,22.45,21.25,21.58,173859,0
2016-08-03,20.99,21.87,20.88,21.62,105583,0
2016-08-04,21.26,22.3,21.02,22.05,80762,0
2016-08-05,21.17,22.65,21.17,22.55,101538,0
2016-08-08,23.04,24.32,22.75,23.34,301227,0
2016-08-09,23.65,23.92,23.2,23.3,119993,0
2016-08-10,23.27,23.35,22.12,22.13,143298,0
2016-08-11,22.13,22.36,22.0,22.18,113678,0
2016-08-12,23.23,24.47,22.85,22.93,261704,0
2016-08-15,23.28,24.06,22.65,23.97,184904,0
2016-08-16,24.24,24.28,23.58,23.74,105425,0
2016-08-17,23.75,24.07,23.31,23.7,117313,0
2016-08-18,23.75,24.38,23.58,24.15,84582,0
2016-08-19,24.0,24.25,23.66,23.73,195614,0
2016-08-22,23.35,23.64,22.17,23.53,52796,0
2016-08-23,23.48,23.79,22.98,23.44,37785,0
2016-08-24,23.22,23.66,22.85,23.13,58900,0
2016-08-25,22.92,23.61,22.79,23.47,91490,0
2016-08-26,23.5,24.32,23.34,24.32,150085,0
2016-08-29,24.0,24.74,23.8,24.63,83298,0
2016-08-30,24.37,24.8,24.37,24.72,318014,0
2016-08-31,24.35,25.04,24.06,25.02,173491,0
2016-09-01,24.82,24.92,24.09,24.6,136735,0
2016-09-02,24.9,24.98,24.33,24.91,86506,0
2016-09-06,25.04,25.1,24.54,24.86,90121,0
2016-09-07,22.94,23.73,22.94,23.71,3159892,0
2016-09-08,23.7,23.83,23.4,23.66,511766,0
2016-09-09,23.61,23.65,23.04,23.05,345066,0
2016-09-12,22.95,23.34,22.9,23.1,256806,0
2016-09-13,23.05,23.13,22.58,22.65,526094,0
2016-09-14,22.52,23.04,22.25,22.6,134836,0
2016-09-15,22.64,23.0,22.43,22.65,113585,0
2016-09-16,22.49,22.61,22.28,22.42,119395,0
2016-09-19,22.62,23.14,22.51,23.03,279600,0
2016-09-20,23.02,23.02,22.48,22.48,57073,0
2016-09-21,22.73,23.04,22.68,22.99,105679,0
2016-09-22,23.16,23.43,23.05,23.36,340527,0
2016-09-23,23.14,23.33,22.93,23.1,54674,0
2016-09-26,23.14,23.29,22.95,22.95,67036,0
2016-09-27,22.78,22.89,22.4,22.49,127191,0
2016-09-28,22.64,23.2,22.07,23.2,201499,0
2016-09-29,23.2,23.37,22.91,23.31,188583,0
2016-09-30,23.87,23.87,22.92,22.94,182974,0
2016-10-03,23.07,23.36,22.77,23.03,79336,0
2016-10-04,22.97,23.19,22.62,22.93,71659,0
2016-10-05,23.14,23.62,23.14,23.35,134212,0
2016-10-06,23.42,23.45,22.69,22.86,81037,0
2016-10-07,22.78,23.02,22.59,22.64,62663,0
2016-10-10,22.72,23.1,22.6,22.91,80670,0
2016-10-11,22.9,22.96,22.34,22.58,109674,0
2016-10-12,22.56,22.96,22.38,22.77,162515,0
2016-10-13,22.75,22.88,22.42,22.84,93212,0
2016-10-14,22.9,22.99,22.62,22.69,71931,0
2016-10-17,22.7,23.1,22.7,23.05,47033,0
2016-10-18,23.15,23.35,23.15,23.2,116038,0
2016-10-19,23.4,23.55,23.25,23.55,154654,0
2016-10-20,23.4,23.7,23.4,23.65,192146,0
2016-10-21,23.55,23.7,23.3,23.4,128728,0
2016-10-24,23.2,23.4,22.8,23.05,172644,0
2016-10-25,22.9,23.0,22.23,22.3,114516,0
2016-10-26,22.05,22.35,22.01,22.15,77903,0
2016-10-27,22.35,22.55,22.0,22.25,57999,0
2016-10-28,22.15,22.65,22.15,22.6,10004,0
2016-10-31,22.45,22.45,22.2,22.2,22552,0
2016-11-01,22.25,22.25,21.35,21.55,108264,0
2016-11-02,21.45,21.95,21.04,21.7,129717,0
2016-11-03,21.3,21.3,20.6,20.85,78055,0
2016-11-04,20.55,22.2,19.95,21.95,729277,0
2016-11-07,22.1,22.5,22.0,22.25,147582,0
2016-11-08,22.1,22.25,21.7,21.95,82667,0
2016-11-09,21.9,22.7,21.9,22.55,154999,0
2016-11-10,22.55,22.9,22.0,22.3,220695,0
2016-11-11,22.15,22.45,21.75,22.25,124291,0
2016-11-14,22.25,22.45,21.4,21.5,281718,0
2016-11-15,21.95,22.5,21.75,22.15,229315,0
2016-11-16,20.65,22.3,20.65,21.6,188501,0
2016-11-17,21.95,22.4,21.9,22.2,208602,0
2016-11-18,22.3,22.55,22.2,22.5,464103,0
2016-11-21,22.8,23.25,22.55,22.85,263518,0
2016-11-22,22.85,22.9,22.0,22.25,156861,0
2016-11-23,22.05,22.55,21.95,22.5,77710,0
2016-11-25,22.55,22.75,22.45,22.6,47549,0
2016-11-28,22.65,22.65,21.6,21.7,154944,0
2016-11-29,21.55,22.12,21.25,21.6,419281,0
2016-11-30,22.15,22.6,21.79,22.45,489092,0
2016-12-01,22.75,22.75,21.85,22.05,234910,0
2016-12-02,22.1,23.05,22.1,22.7,147946,0
2016-12-05,22.7,22.7,22.25,22.35,156709,0
2016-12-06,22.25,22.55,21.86,22.5,83639,0
2016-12-07,22.45,22.6,22.15,22.4,206323,0
2016-12-08,22.5,22.55,22.25,22.5,73815,0
2016-12-09,22.7,23.05,22.55,22.8,133238,0
2016-12-12,23.25,24.7,22.55,22.65,206018,0
2016-12-13,22.75,23.05,22.5,22.95,101502,0
2016-12-14,22.85,23.05,22.6,22.8,103922,0
2016-12-15,22.75,23.15,22.69,22.9,476799,0
2016-12-16,22.95,23.1,22.5,22.75,530671,0
2016-12-19,22.65,23.1,22.2,23.05,243532,0
2016-12-20,23.15,23.7,23.15,23.4,436122,0
2016-12-21,23.5,24.25,23.5,24.1,231055,0
2016-12-22,24.15,24.9,24.15,24.8,158038,0
2016-12-23,24.85,25.4,24.77,25.2,171234,0
2016-12-27,25.2,25.5,24.9,24.9,109736,0
2016-12-28,24.95,25.2,24.55,24.7,67043,0
2016-12-29,24.7,25.05,24.55,24.95,147910,0
2016-12-30,24.9,25.35,24.6,25.15,210217,0
2017-01-03,25.45,25.76,24.75,24.85,169983,0
2017-01-04,24.85,25.8,24.85,25.65,212127,0
2017-01-05,25.8,26.05,25.35,25.6,186480,0
2017-01-06,25.5,26.1,25.25,26.0,74426,0
2017-01-09,26.0,26.0,25.0,25.45,185598,0
2017-01-10,25.45,25.5,24.9,24.95,49533,0
2017-01-11,25.8,26.1,25.45,25.95,154284,0
2017-01-12,26.0,26.02,25.35,25.5,85954,0
2017-01-13,25.45,25.9,25.05,25.65,98257,0
2017-01-17,25.75,26.1,25.5,25.95,80889,0
2017-01-18,25.85,26.35,25.75,26.3,89500,0
2017-01-19,26.3,26.5,26.2,26.4,60739,0
2017-01-20,26.5,26.5,25.7,26.2,124990,0
2017-01-23,26.2,26.35,25.6,25.7,52339,0
2017-01-24,25.75,26.25,25.65,25.85,155663,0
2017-01-25,25.85,26.22,25.7,26.0,120837,0
2017-01-26,26.05,26.3,26.0,26.05,143506,0
2017-01-27,25.8,26.0,25.15,25.9,211754,0
2017-01-30,25.75,26.25,25.55,26.15,463009,0
2017-01-31,24.2,24.25,23.85,23.95,540363,0
2017-02-01,24.15,24.25,23.85,23.95,8252,0
2017-02-02,23.9,24.0,23.45,23.65,393374,0
2017-02-03,23.25,23.5,23.1,23.25,526194,0
2017-02-06,23.25,23.45,23.15,23.25,223572,0
2017-02-07,23.25,23.27,22.9,23.2,153565,0
2017-02-08,23.1,23.62,22.9,23.5,299081,0
2017-02-09,23.55,23.95,23.5,23.85,176151,0
2017-02-10,23.95,24.1,23.88,23.9,162189,0
2017-02-13,24.05,24.05,23.5,23.6,288691,0
2017-02-14,23.8,23.95,23.35,23.9,289509,0
2017-02-15,23.8,24.05,23.7,23.9,103892,0
2017-02-16,24.0,24.0,23.25,23.35,141912,0
2017-02-17,23.25,23.3,22.95,23.15,159852,0
2017-02-21,23.35,23.55,23.1,23.35,215449,0
2017-02-22,23.2,23.75,23.15,23.35,234818,0
2017-02-23,23.7,23.7,22.85,23.05,412763,0
2017-02-24,23.25,23.25,22.4,22.85,516993,0
2017-02-27,22.9,23.35,22.7,23.2,344875,0
2017-02-28,23.2,24.0,22.75,23.85,618771,0
2017-03-01,23.9,24.45,23.35,24.35,553039,0
2017-03-02,24.1,24.4,23.55,24.25,500277,0
2017-03-03,24.3,24.9,23.9,24.8,333930,0
2017-03-06,24.8,24.8,24.35,24.55,143192,0
2017-03-07,24.65,24.65,23.75,23.85,167552,0
2017-03-08,24.0,24.0,23.05,23.2,284093,0
2017-03-09,23.1,23.3,22.8,22.95,358799,0
2017-03-10,23.05,23.4,22.7,22.95,227779,0
2017-03-13,23.0,23.05,22.65,22.75,251420,0
2017-03-14,22.6,22.8,22.3,22.5,188185,0
2017-03-15,22.7,23.05,22.4,23.0,117020,0
2017-03-16,23.05,23.3,22.9,23.3,150052,0
2017-03-17,23.3,23.38,23.0,23.1,280176,0
2017-03-20,23.15,23.5,22.8,23.15,101126,0
2017-03-21,23.2,23.2,22.55,22.7,108378,0
2017-03-22,22.7,22.85,22.2,22.25,271267,0
2017-03-23,22.25,23.0,22.0,22.85,157886,0
2017-03-24,22.9,23.15,22.85,22.95,63400,0
2017-03-27,22.85,22.95,22.65,22.85,128173,0
2017-03-28,22.85,23.3,22.8,22.95,187575,0
2017-03-29,23.0,23.4,22.8,23.05,185137,0
2017-03-30,23.2,23.2,22.85,23.05,119579,0
2017-03-31,23.05,24.2,23.05,24.0,248178,0
2017-04-03,24.2,24.32,23.8,24.3,154430,0
2017-04-04,24.35,24.35,24.05,24.15,1169,0
2017-04-05,24.3,24.5,24.05,24.05,734,0
2017-04-06,24.2,24.45,23.91,24.25,166492,0
2017-04-07,24.25,24.45,23.9,24.0,108734,0
2017-04-10,24.05,24.3,23.85,24.15,232219,0
2017-04-11,24.2,24.25,23.9,24.05,132660,0
2017-04-12,24.1,24.1,23.75,23.85,70308,0
2017-04-13,23.85,23.85,23.4,23.55,124940,0
2017-04-17,23.7,24.15,23.7,23.95,136946,0
2017-04-18,23.9,24.2,23.75,24.0,96379,0
2017-04-19,24.1,24.31,23.8,23.8,60953,0
2017-04-20,23.9,24.0,23.6,23.85,76458,0
2017-04-21,23.9,23.9,23.55,23.6,73316,0
2017-04-24,23.6,23.85,23.4,23.45,146485,0
2017-04-25,23.5,23.77,23.35,23.7,358615,0
2017-04-26,23.65,23.7,23.25,23.3,187414,0
2017-04-27,23.3,23.6,23.2,23.55,172157,0
2017-04-28,23.6,23.77,23.2,23.55,254880,0
2017-05-01,23.6,23.6,23.2,23.5,220566,0
2017-05-02,23.55,23.7,23.4,23.5,334965,0
2017-05-03,23.55,23.7,23.3,23.45,188962,0
2017-05-04,22.85,22.85,22.35,22.6,200533,0
2017-05-05,22.8,23.6,22.5,23.55,173674,0
2017-05-08,23.45,23.55,23.1,23.4,48106,0
2017-05-09,23.35,23.35,22.57,22.8,150343,0
2017-05-10,22.85,23.2,22.7,22.9,164470,0
2017-05-11,22.95,23.05,22.75,22.85,115337,0
2017-05-12,22.85,23.3,22.85,23.0,256946,0
2017-05-15,23.2,23.6,23.0,23.55,150843,0
2017-05-16,23.65,23.7,23.4,23.5,143776,0
2017-05-17,23.4,23.4,23.05,23.1,55843,0
2017-05-18,23.05,23.38,22.7,23.2,254721,0
2017-05-19,23.35,23.93,23.05,23.85,138841,0
2017-05-22,24.0,24.1,23.6,23.75,219940,0
2017-05-23,23.9,23.9,23.45,23.75,82285,0
2017-05-24,23.7,23.87,23.25,23.3,63359,0
2017-05-25,23.35,23.6,23.0,23.05,69693,0
2017-05-26,23.05,23.5,23.0,23.25,66078,0
2017-05-30,23.2,23.27,22.75,23.05,85800,0
2017-05-31,23.1,23.25,22.76,23.1,251549,0
2017-06-01,23.05,23.6,23.05,23.2,150944,0
2017-06-02,23.1,23.5,22.99,23.35,261523,0
2017-06-05,23.35,23.45,23.0,23.05,100765,0
2017-06-06,23.0,23.15,22.7,23.05,136742,0
2017-06-07,22.95,23.3,22.68,22.8,215186,0
2017-06-08,22.75,22.95,22.25,22.25,236331,0
2017-06-09,22.25,22.85,22.25,22.8,96086,0
2017-06-12,23.1,23.4,22.9,23.15,260751,0
2017-06-13,23.15,23.52,23.15,23.4,343166,0
2017-06-14,23.45,23.5,22.5,22.7,218558,0
2017-06-15,22.55,22.85,22.45,22.5,226491,0
2017-06-16,22.6,23.65,22.4,23.55,1192206,0
2017-06-19,23.4,23.5,22.5,22.6,305270,0
2017-06-20,22.5,22.5,21.55,21.7,320669,0
2017-06-21,21.7,22.05,21.2,21.35,189382,0
2017-06-22,21.4,21.7,21.15,21.35,137099,0
2017-06-23,21.25,21.65,21.1,21.55,260876,0
2017-06-26,21.65,22.25,21.35,22.1,240079,0
2017-06-27,22.1,22.42,21.85,21.9,70069,0
2017-06-28,21.85,22.6,21.75,22.2,71987,0
2017-06-29,22.15,22.95,22.1,22.65,96416,0
2017-06-30,22.7,22.85,21.55,22.65,1126917,0
2017-07-03,22.75,24.0,22.6,23.75,218721,0
2017-07-05,23.8,23.8,22.95,23.05,223436,0
2017-07-06,23.1,23.4,22.9,23.15,76945,0
2017-07-07,23.15,23.35,22.9,23.35,77125,0
2017-07-10,23.35,23.45,23.0,23.45,102822,0
2017-07-11,23.55,23.7,23.05,23.6,66064,0
2017-07-12,23.75,24.15,23.38,24.1,278525,0
2017-07-13,24.1,24.1,23.65,23.9,68466,0
2017-07-14,24.0,24.35,23.85,24.05,123923,0
2017-07-17,24.1,24.4,24.05,24.35,44383,0
2017-07-18,24.35,24.55,23.25,24.45,154241,0
2017-07-19,23.8,24.75,23.8,24.65,153056,0
2017-07-20,24.75,24.75,23.95,24.2,98052,0
2017-07-21,24.1,24.1,23.7,23.85,49025,0
2017-07-24,24.05,24.15,23.4,23.45,124247,0
2017-07-25,23.7,24.0,23.15,23.5,82553,0
2017-07-26,23.6,23.95,23.3,23.55,59198,0
2017-07-27,23.45,23.75,23.25,23.65,86205,0
2017-07-28,23.5,23.5,21.95,22.25,358001,0
2017-07-31,22.25,22.85,21.85,22.8,205246,0
2017-08-01,22.8,22.95,22.3,22.5,188281,0
2017-08-02,22.4,24.0,22.1,24.0,404494,0
2017-08-03,23.1,23.25,21.85,22.15,198353,0
2017-08-04,22.6,22.72,21.6,21.7,404902,0
2017-08-07,21.7,21.9,21.15,21.35,120719,0
2017-08-08,21.2,21.4,20.8,21.15,182348,0
2017-08-09,21.15,21.65,20.95,21.55,61048,0
2017-08-10,21.5,21.8,21.1,21.3,209579,0
2017-08-11,21.0,21.15,20.5,20.95,366306,0
2017-08-14,20.95,21.2,20.5,20.6,81886,0
2017-08-15,20.65,20.75,20.05,20.35,185849,0
2017-08-16,20.5,20.5,19.7,19.75,71104,0
2017-08-17,19.65,19.85,19.45,19.6,71589,0
2017-08-18,19.55,19.7,19.35,19.55,64828,0
2017-08-21,19.6,19.65,19.15,19.4,61116,0
2017-08-22,19.5,19.75,19.22,19.55,53968,0
2017-08-23,19.45,20.55,19.4,20.15,114840,0
2017-08-24,20.25,20.65,20.05,20.5,88715,0
2017-08-25,20.65,20.7,20.25,20.5,39494,0
2017-08-28,20.65,20.75,20.3,20.65,55268,0
2017-08-29,20.45,20.55,19.9,20.3,111573,0
2017-08-30,20.3,20.5,20.0,20.35,60925,0
2017-08-31,20.55,21.2,20.35,21.05,98198,0
2017-09-01,21.15,21.2,20.25,20.55,174448,0
2017-09-05,20.7,20.9,20.55,20.6,355759,0
2017-09-06,20.75,21.2,20.6,21.1,70423,0
2017-09-07,21.15,21.7,20.85,21.45,123504,0
2017-09-08,21.3,21.35,20.8,20.9,45152,0
2017-09-11,21.0,21.2,20.75,20.9,76407,0
2017-09-12,21.0,21.11,20.5,20.9,159498,0
2017-09-13,21.05,21.3,20.85,21.0,42692,0
2017-09-14,21.1,21.45,21.0,21.25,71233,0
2017-09-15,21.25,21.3,21.0,21.1,86449,0
2017-09-18,21.2,21.65,21.15,21.6,98960,0
2017-09-19,21.55,21.6,21.2,21.25,66643,0
2017-09-20,21.35,21.5,21.0,21.2,149194,0
2017-09-21,21.25,21.25,20.7,20.85,95071,0
2017-09-22,20.8,21.05,20.65,20.8,82064,0
2017-09-25,21.0,21.45,20.8,21.05,96052,0
2017-09-26,21.15,21.15,20.8,20.95,89253,0
2017-09-27,21.0,21.02,20.6,20.9,87233,0
2017-09-28,20.9,21.1,20.2,20.3,183357,0
2017-09-29,20.45,20.8,19.65,20.0,620129,0
2017-10-02,19.95,20.3,19.8,20.3,108235,0
2017-10-03,20.4,20.7,20.0,20.5,212957,0
2017-10-04,20.45,21.0,20.25,20.95,118557,0
2017-10-05,21.0,21.25,20.85,21.2,80842,0
2017-10-06,21.15,21.45,20.85,21.4,166379,0
2017-10-09,21.4,21.65,21.3,21.4,53544,0
2017-10-10,21.6,21.6,21.1,21.35,58799,0
2017-10-11,21.45,21.7,21.05,21.65,115597,0
2017-10-12,21.65,21.78,21.35,21.5,45916,0
2017-10-13,21.6,21.64,20.9,21.3,145225,0
2017-10-16,21.5,21.65,21.25,21.3,90379,0
2017-10-17,21.3,21.7,20.85,21.0,80048,0
2017-10-18,21.0,21.4,20.25,20.45,87477,0
2017-10-19,20.45,20.7,20.3,20.65,34920,0
2017-10-20,20.8,20.9,20.32,20.85,72703,0
2017-10-23,21.0,21.05,20.2,20.3,100516,0
2017-10-24,20.35,20.7,20.11,20.45,77467,0
2017-10-25,20.4,20.4,19.65,19.75,90489,0
2017-10-26,19.9,20.12,19.55,19.75,107755,0
2017-10-27,19.9,20.3,19.8,20.1,91319,0
2017-10-30,20.15,20.6,20.0,20.15,79686,0
2017-10-31,20.2,20.5,20.0,20.45,162974,0
2017-11-01,20.6,20.88,20.35,20.65,227597,0
2017-11-02,20.6,20.9,20.0,20.05,235523,0
2017-11-03,20.7,20.7,19.55,20.1,165714,0
2017-11-06,19.75,20.4,19.65,20.25,163765,0
2017-11-07,20.15,20.5,19.95,20.3,135404,0
2017-11-08,20.25,20.25,19.4,19.7,230273,0
2017-11-09,19.95,19.98,19.35,19.4,94289,0
2017-11-10,19.5,20.1,19.5,20.05,113719,0
2017-11-13,20.0,20.05,19.45,19.65,72709,0
2017-11-14,19.6,19.85,18.65,19.1,194020,0
2017-11-15,19.05,19.5,18.9,19.0,197712,0
2017-11-16,19.2,19.2,18.75,19.0,103519,0
2017-11-17,19.0,19.45,18.75,19.3,98035,0
2017-11-20,19.4,19.59,19.05,19.4,101899,0
2017-11-21,19.6,19.75,19.0,19.2,88133,0
2017-11-22,19.2,19.55,19.05,19.15,69586,0
2017-11-24,19.3,19.45,18.9,19.1,42544,0
2017-11-27,19.15,19.3,18.5,18.55,71227,0
2017-11-28,18.55,18.7,18.49,18.65,96842,0
2017-11-29,18.7,18.8,18.3,18.55,227079,0
2017-11-30,18.6,19.15,18.4,18.95,172042,0
2017-12-01,19.05,19.65,19.05,19.55,283384,0
2017-12-04,19.65,19.75,19.45,19.55,98648,0
2017-12-05,19.65,19.65,19.35,19.5,66098,0
2017-12-06,19.5,19.8,19.0,19.2,270461,0
2017-12-07,19.15,19.55,18.85,19.3,167725,0
2017-12-08,19.5,19.9,19.3,19.75,112600,0
2017-12-11,19.85,20.55,19.71,20.5,293485,0
2017-12-12,20.65,20.8,19.95,20.5,189917,0
2017-12-13,20.6,20.7,20.2,20.45,82758,0
2017-12-14,21.1,21.2,20.4,20.95,209819,0
2017-12-15,20.9,21.15,20.6,20.85,193217,0
2017-12-18,21.05,21.25,20.75,21.0,188644,0
2017-12-19,20.95,21.15,20.55,20.8,113829,0
2017-12-20,20.5,20.95,20.4,20.7,94184,0
2017-12-21,20.45,21.0,20.3,20.55,82686,0
2017-12-22,20.35,20.8,20.0,20.65,201838,0
2017-12-26,20.8,21.05,20.65,20.8,104455,0
2017-12-27,20.85,20.9,20.5,20.6,63584,0
2017-12-28,20.5,20.8,20.4,20.7,86194,0
2017-12-29,20.7,20.74,20.35,20.5,138592,0
2018-01-02,20.7,21.8,20.54,21.45,197802,0
2018-01-03,21.6,21.9,21.5,21.9,88770,0
2018-01-04,22.0,22.25,21.7,22.05,81437,0
2018-01-05,22.3,22.3,21.55,21.85,95697,0
2018-01-08,22.0,22.25,21.75,22.15,131080,0
2018-01-09,22.15,22.2,21.65,21.9,57393,0
2018-01-10,21.95,22.0,21.6,21.95,71424,0
2018-01-11,22.0,22.5,21.9,22.5,161142,0
2018-01-12,22.6,22.6,22.1,22.5,127600,0
2018-01-16,22.65,22.95,22.15,22.2,635020,0
2018-01-17,22.2,22.55,21.6,21.9,206920,0
2018-01-18,21.95,22.05,21.68,21.75,73040,0
2018-01-19,21.6,22.2,21.35,22.0,181027,0
2018-01-22,22.1,22.55,22.1,22.55,157503,0
2018-01-23,22.5,22.7,21.95,22.5,151328,0
2018-01-24,22.55,22.8,22.2,22.4,136662,0
2018-01-25,22.55,22.8,22.1,22.4,153020,0
2018-01-26,22.5,22.6,21.85,22.35,100437,0
2018-01-29,22.45,22.6,22.25,22.35,102638,0
2018-01-30,22.15,22.4,21.63,22.1,134966,0
2018-01-31,22.2,22.4,21.93,22.35,630010,0
2018-02-01,22.35,22.8,22.2,22.6,477459,0
2018-02-02,22.4,22.8,22.15,22.25,213716,0
2018-02-05,22.2,22.5,21.98,22.2,295955,0
2018-02-06,21.2,22.09,21.0,21.7,300914,0
2018-02-07,21.7,22.15,21.4,21.7,107226,0
2018-02-08,21.7,21.93,21.05,21.15,106438,0
2018-02-09,21.3,21.3,19.5,20.2,206610,0
2018-02-12,20.3,20.75,20.0,20.45,159459,0
2018-02-13,20.35,20.7,20.3,20.65,61068,0
2018-02-14,20.6,20.6,20.3,20.4,69505,0
2018-02-15,20.55,20.65,20.1,20.2,122439,0
2018-02-16,20.15,20.2,19.8,20.05,516798,0
2018-02-20,20.0,20.3,19.7,19.85,367689,0
2018-02-21,19.85,20.15,19.7,19.85,151372,0
2018-02-22,19.9,20.05,18.9,19.2,377420,0
2018-02-23,19.0,19.0,17.25,17.5,831393,0
2018-02-26,17.5,17.75,17.5,17.6,261843,0
2018-02-27,17.65,17.8,17.1,17.4,197827,0
2018-02-28,17.45,17.45,16.7,16.85,179112,0
2018-03-01,16.8,17.1,16.3,16.8,135679,0
2018-03-02,16.65,16.85,16.45,16.65,367430,0
2018-03-05,16.55,16.95,16.25,16.35,144618,0
2018-03-06,16.35,16.37,15.85,16.0,373668,0
2018-03-07,15.85,16.15,15.5,15.7,220217,0
2018-03-08,15.75,15.8,15.25,15.4,209285,0
2018-03-09,15.4,15.95,15.35,15.9,324070,0
2018-03-12,15.9,16.27,15.25,15.45,501524,0
2018-03-13,15.55,15.7,15.3,15.5,739794,0
2018-03-14,15.5,15.7,15.2,15.25,367495,0
2018-03-15,15.2,15.27,14.25,14.6,367036,0
2018-03-16,14.85,15.1,14.7,14.8,1403696,0
2018-03-19,14.85,15.05,14.0,14.25,268112,0
2018-03-20,14.3,14.37,13.6,13.7,389333,0
2018-03-21,13.7,14.6,13.6,14.35,344072,0
2018-03-22,14.15,14.3,13.7,13.85,339610,0
2018-03-23,14.0,14.1,13.7,13.85,200675,0
2018-03-26,13.9,13.92,13.3,13.4,348675,0
2018-03-27,13.7,14.2,13.55,14.0,669513,0
2018-03-28,13.75,14.1,13.4,13.4,341320,0
2018-03-29,13.45,14.1,13.42,14.05,656929,0
2018-04-02,14.0,14.15,13.6,13.7,310941,0
2018-04-03,13.75,13.9,13.3,13.7,717705,0
2018-04-04,13.5,14.15,13.5,13.9,245155,0
2018-04-05,13.9,14.1,13.8,13.9,170038,0
2018-04-06,13.95,14.1,13.35,13.55,205105,0
2018-04-09,13.65,13.65,13.1,13.1,309596,0
2018-04-10,13.25,14.0,13.1,13.95,674993,0
2018-04-11,14.05,14.65,13.75,14.5,225894,0
2018-04-12,14.5,14.85,14.35,14.65,263822,0
2018-04-13,14.65,15.0,14.45,14.85,251384,0
2018-04-16,14.8,15.3,14.65,15.25,183742,0
2018-04-17,15.25,15.8,15.14,15.25,198956,0
2018-04-18,15.5,15.5,14.95,15.05,155074,0
2018-04-19,15.0,15.25,14.7,14.75,192463,0
2018-04-20,14.6,15.05,14.55,15.05,168740,0
2018-04-23,15.05,15.45,15.0,15.35,189400,0
2018-04-24,15.4,15.4,14.85,15.15,230627,0
2018-04-25,15.05,15.4,14.95,15.3,145537,0
2018-04-26,15.3,15.4,14.85,15.2,130524,0
2018-04-27,15.3,15.65,15.07,15.3,300538,0
2018-04-30,15.4,15.47,15.1,15.25,223903,0
2018-05-01,15.25,15.5,15.05,15.25,188681,0
2018-05-02,15.1,15.4,14.55,14.65,488364,0
2018-05-03,14.65,14.75,13.75,14.2,475993,0
2018-05-04,13.95,14.8,13.95,14.5,456069,0
2018-05-07,13.85,14.23,13.5,14.1,291859,0
2018-05-08,14.0,14.7,13.8,14.6,246442,0
2018-05-09,14.75,14.95,14.35,14.5,164150,0
2018-05-10,14.5,14.95,14.43,14.75,208432,0
2018-05-11,14.85,15.05,14.7,15.05,277558,0
2018-05-14,15.05,15.7,14.96,15.35,414999,0
2018-05-15,15.45,15.55,15.15,15.35,140296,0
2018-05-16,15.35,15.6,15.2,15.5,202506,0
2018-05-17,15.65,15.7,15.35,15.45,146940,0
2018-05-18,15.5,16.0,15.4,15.75,188107,0
2018-05-21,15.9,16.0,15.6,15.95,117634,0
2018-05-22,16.0,16.38,15.8,16.2,252040,0
2018-05-23,16.0,16.26,15.9,16.1,190081,0
2018-05-24,16.2,16.2,15.7,15.75,100655,0
2018-05-25,15.6,16.05,15.3,15.9,150567,0
2018-05-29,15.75,16.0,15.65,15.9,129703,0
2018-05-30,15.95,16.27,15.8,16.2,155968,0
2018-05-31,16.2,16.4,15.95,16.25,311158,0
2018-06-01,16.35,16.65,16.2,16.25,126711,0
2018-06-04,16.25,16.6,15.9,15.9,471246,0
2018-06-05,16.0,16.5,15.94,16.3,164475,0
2018-06-06,16.3,16.6,16.05,16.15,123084,0
2018-06-07,16.2,16.37,16.1,16.3,183162,0
2018-06-08,16.35,16.4,16.05,16.25,94492,0
2018-06-11,16.25,16.45,16.15,16.45,148470,0
2018-06-12,16.45,16.5,16.18,16.2,146984,0
2018-06-13,16.25,16.36,15.8,15.9,142323,0
2018-06-14,15.95,16.12,15.8,15.85,101064,0
2018-06-15,15.8,15.8,15.47,15.55,216339,0
2018-06-18,15.55,15.8,15.55,15.75,140193,0
2018-06-19,15.65,15.9,15.55,15.65,114040,0
2018-06-20,15.8,15.97,15.65,15.95,203891,0
2018-06-21,15.9,16.15,15.65,15.85,79875,0
2018-06-22,16.05,16.2,15.75,15.85,101993,0
2018-06-25,15.9,15.9,15.4,15.6,102569,0
2018-06-26,15.65,15.93,15.5,15.85,67422,0
2018-06-27,15.85,16.0,15.3,15.35,147141,0
2018-06-28,15.4,15.5,15.18,15.25,140327,0
2018-06-29,15.3,15.55,15.05,15.4,110660,0
2018-07-02,15.4,16.0,15.4,15.75,139564,0
2018-07-03,15.85,16.15,15.8,15.85,132040,0
2018-07-05,16.0,16.27,15.95,16.1,192687,0
2018-07-06,16.1,16.4,16.05,16.4,118821,0
2018-07-09,16.4,16.65,16.3,16.3,129251,0
2018-07-10,16.3,16.6,16.25,16.35,150806,0
2018-07-11,16.3,16.4,16.1,16.2,108904,0
2018-07-12,16.35,16.4,16.15,16.3,55739,0
2018-07-13,16.35,16.55,16.15,16.25,114498,0
2018-07-16,16.25,16.45,16.15,16.3,80707,0
2018-07-17,16.25,16.35,16.1,16.2,340229,0
2018-07-18,16.25,16.7,16.2,16.3,192541,0
2018-07-19,16.4,17.05,16.4,16.65,203496,0
2018-07-20,16.7,16.8,16.35,16.5,171751,0
2018-07-23,16.55,16.6,16.45,16.55,133098,0
2018-07-24,16.55,16.82,16.55,16.7,43626,0
2018-07-25,16.8,17.18,16.65,17.05,124206,0
2018-07-26,17.05,17.25,17.03,17.15,114452,0
2018-07-27,17.25,17.28,16.72,17.05,258057,0
2018-07-30,17.2,17.3,17.0,17.1,114966,0
2018-07-31,17.15,17.4,16.9,17.35,131602,0
2018-08-01,17.4,17.65,17.12,17.4,120065,0
2018-08-02,17.45,17.5,17.25,17.3,238443,0
2018-08-03,17.3,17.73,17.2,17.4,358076,0
2018-08-06,16.8,17.1,16.65,16.9,215547,0
2018-08-07,17.1,17.2,16.6,16.8,226130,0
2018-08-08,16.7,16.8,16.35,16.55,212278,0
2018-08-09,16.7,16.85,16.6,16.7,217969,0
2018-08-10,16.7,17.0,16.7,16.85,483037,0
2018-08-13,16.8,16.95,16.55,16.7,227747,0
2018-08-14,16.85,16.95,16.65,16.8,209888,0
2018-08-15,16.85,16.85,16.6,16.7,211702,0
2018-08-16,16.7,17.0,16.58,16.8,154323,0
2018-08-17,16.9,17.05,16.8,16.9,467555,0
2018-08-20,16.95,17.3,16.85,17.05,288440,0
2018-08-21,17.05,17.24,16.95,16.95,240160,0
2018-08-22,16.95,17.45,16.95,17.25,456331,0
2018-08-23,17.15,17.3,17.05,17.2,123469,0
2018-08-24,17.3,17.4,17.15,17.2,223735,0
2018-08-27,17.2,17.26,16.95,17.1,192189,0
2018-08-28,17.1,17.15,16.65,16.7,178633,0
2018-08-29,16.7,16.8,16.4,16.45,197406,0
2018-08-30,16.45,16.45,16.25,16.4,97725,0
2018-08-31,16.3,16.3,15.95,16.15,217930,0
2018-09-04,16.2,16.5,16.1,16.5,139491,0
2018-09-05,16.5,16.55,16.25,16.45,88111,0
2018-09-06,16.4,16.43,16.05,16.25,88303,0
2018-09-07,16.15,16.43,16.15,16.35,97728,0
2018-09-10,16.35,16.41,16.15,16.2,139809,0
2018-09-11,16.2,16.4,16.15,16.35,65647,0
2018-09-12,16.35,16.5,16.25,16.3,71997,0
2018-09-13,16.3,16.32,15.99,16.1,101172,0
2018-09-14,16.15,16.15,15.8,16.15,172562,0
2018-09-17,16.2,16.2,15.8,15.9,131171,0
2018-09-18,15.9,16.1,15.9,16.05,214463,0
2018-09-19,16.0,16.15,15.9,16.05,239096,0
2018-09-20,16.05,16.15,15.95,16.1,131102,0
2018-09-21,16.2,16.23,15.95,16.05,134982,0
2018-09-24,16.0,16.05,15.05,15.05,288200,0
2018-09-25,15.15,15.15,14.65,14.9,325337,0
2018-09-26,14.95,14.95,14.4,14.5,255749,0
